<?xml version="1.0" encoding="UTF-8"?><rss version="2.0"
	xmlns:content="http://purl.org/rss/1.0/modules/content/"
	xmlns:wfw="http://wellformedweb.org/CommentAPI/"
	xmlns:dc="http://purl.org/dc/elements/1.1/"
	xmlns:atom="http://www.w3.org/2005/Atom"
	xmlns:sy="http://purl.org/rss/1.0/modules/syndication/"
	xmlns:slash="http://purl.org/rss/1.0/modules/slash/"
	>

<channel>
	<title>Retail &#8211; ARzRehman</title>
	<atom:link href="https://blog.bluekite.us/category/retail/feed/" rel="self" type="application/rss+xml" />
	<link>https://blog.bluekite.us/</link>
	<description></description>
	<lastBuildDate>Thu, 29 Jul 2021 11:58:00 +0000</lastBuildDate>
	<language>en-US</language>
	<sy:updatePeriod>
	hourly	</sy:updatePeriod>
	<sy:updateFrequency>
	1	</sy:updateFrequency>
	<generator>https://wordpress.org/?v=6.0.1</generator>

<image>
	<url>https://blog.bluekite.us/wp-content/uploads/2022/04/cropped-Blue-and-Orange-Pharmacy-Logo-1-32x32.png</url>
	<title>Retail &#8211; ARzRehman</title>
	<link>https://blog.bluekite.us/</link>
	<width>32</width>
	<height>32</height>
</image> 
	<item>
		<title>Transforming into the digital enterprise</title>
		<link>https://blog.bluekite.us/retail/transforming-into-the-digital-enterprize/</link>
					<comments>https://blog.bluekite.us/retail/transforming-into-the-digital-enterprize/#respond</comments>
		
		<dc:creator><![CDATA[Rehman]]></dc:creator>
		<pubDate>Thu, 29 Jul 2021 11:58:00 +0000</pubDate>
				<category><![CDATA[Retail]]></category>
		<category><![CDATA[Covid-19]]></category>
		<category><![CDATA[The elements of Value]]></category>
		<guid isPermaLink="false">https://blog.bluekite.us/uncategorized/transforming-into-the-digital-enterprize/</guid>

					<description><![CDATA[Eventually, you must also offer them attractive and competitive tour packages. You must be able to clearly communicate to your customers what your services are, how they are different from [&#8230;]]]></description>
		
					<wfw:commentRss>https://blog.bluekite.us/retail/transforming-into-the-digital-enterprize/feed/</wfw:commentRss>
			<slash:comments>0</slash:comments>
		
		
			</item>
		<item>
		<title>What customer truly value?</title>
		<link>https://blog.bluekite.us/retail/what-customer-truly-value/</link>
					<comments>https://blog.bluekite.us/retail/what-customer-truly-value/#respond</comments>
		
		<dc:creator><![CDATA[Rehman]]></dc:creator>
		<pubDate>Thu, 22 Jul 2021 06:34:43 +0000</pubDate>
				<category><![CDATA[Retail]]></category>
		<guid isPermaLink="false">https://blog.bluekite.us/uncategorized/what-customer-truly-value/</guid>

					<description><![CDATA[You&#8217;ve got your announcement in mind, and now it&#8217;s time to get it down in words to share with you… Eventually, you must also offer them attractive and competitive tourpackages. [&#8230;]]]></description>
		
					<wfw:commentRss>https://blog.bluekite.us/retail/what-customer-truly-value/feed/</wfw:commentRss>
			<slash:comments>0</slash:comments>
		
		
			</item>
	</channel>
</rss>
