<?xml version="1.0" encoding="UTF-8"?><rss version="2.0"
	xmlns:content="http://purl.org/rss/1.0/modules/content/"
	xmlns:dc="http://purl.org/dc/elements/1.1/"
	xmlns:atom="http://www.w3.org/2005/Atom"
	xmlns:sy="http://purl.org/rss/1.0/modules/syndication/"
	
	>
<channel>
	<title>
	Comments on: Get ready for the next era of business	</title>
	<atom:link href="https://blog.bluekite.us/organization/get-ready-for-the-next-era-of-business/feed/" rel="self" type="application/rss+xml" />
	<link>https://blog.bluekite.us/organization/get-ready-for-the-next-era-of-business/</link>
	<description></description>
	<lastBuildDate>Tue, 20 Jul 2021 06:37:46 +0000</lastBuildDate>
	<sy:updatePeriod>
	hourly	</sy:updatePeriod>
	<sy:updateFrequency>
	1	</sy:updateFrequency>
	<generator>https://wordpress.org/?v=6.0.1</generator>
</channel>
</rss>
