<?xml version="1.0" encoding="UTF-8"?><rss version="2.0"
	xmlns:content="http://purl.org/rss/1.0/modules/content/"
	xmlns:wfw="http://wellformedweb.org/CommentAPI/"
	xmlns:dc="http://purl.org/dc/elements/1.1/"
	xmlns:atom="http://www.w3.org/2005/Atom"
	xmlns:sy="http://purl.org/rss/1.0/modules/syndication/"
	xmlns:slash="http://purl.org/rss/1.0/modules/slash/"
	>

<channel>
	<title>Organization &#8211; ARzRehman</title>
	<atom:link href="https://blog.bluekite.us/category/organization/feed/" rel="self" type="application/rss+xml" />
	<link>https://blog.bluekite.us/</link>
	<description></description>
	<lastBuildDate>Mon, 26 Jul 2021 14:51:39 +0000</lastBuildDate>
	<language>en-US</language>
	<sy:updatePeriod>
	hourly	</sy:updatePeriod>
	<sy:updateFrequency>
	1	</sy:updateFrequency>
	<generator>https://wordpress.org/?v=6.0.1</generator>

<image>
	<url>https://blog.bluekite.us/wp-content/uploads/2022/04/cropped-Blue-and-Orange-Pharmacy-Logo-1-32x32.png</url>
	<title>Organization &#8211; ARzRehman</title>
	<link>https://blog.bluekite.us/</link>
	<width>32</width>
	<height>32</height>
</image> 
	<item>
		<title>International Network To Provide Assistance</title>
		<link>https://blog.bluekite.us/organization/international-network-to-provide-assistance/</link>
					<comments>https://blog.bluekite.us/organization/international-network-to-provide-assistance/#respond</comments>
		
		<dc:creator><![CDATA[Rehman]]></dc:creator>
		<pubDate>Mon, 26 Jul 2021 14:51:39 +0000</pubDate>
				<category><![CDATA[Organization]]></category>
		<guid isPermaLink="false">https://blog.bluekite.us/uncategorized/international-network-to-provide-assistance/</guid>

					<description><![CDATA[Our financial assistance boosts you to grow relations and loyalty between employee and market wherever you need anytime. So without wasting any more time, let’s get on to it. First [&#8230;]]]></description>
		
					<wfw:commentRss>https://blog.bluekite.us/organization/international-network-to-provide-assistance/feed/</wfw:commentRss>
			<slash:comments>0</slash:comments>
		
		
			</item>
		<item>
		<title>Get ready for the next era of business</title>
		<link>https://blog.bluekite.us/organization/get-ready-for-the-next-era-of-business/</link>
					<comments>https://blog.bluekite.us/organization/get-ready-for-the-next-era-of-business/#respond</comments>
		
		<dc:creator><![CDATA[Rehman]]></dc:creator>
		<pubDate>Tue, 20 Jul 2021 06:37:46 +0000</pubDate>
				<category><![CDATA[Organization]]></category>
		<guid isPermaLink="false">https://blog.bluekite.us/uncategorized/get-ready-for-the-next-era-of-business/</guid>

					<description><![CDATA[You&#8217;ve got your announcement in mind, and now it&#8217;s time to get it down in words to share with you… So without wasting any more time, let’s get on to [&#8230;]]]></description>
		
					<wfw:commentRss>https://blog.bluekite.us/organization/get-ready-for-the-next-era-of-business/feed/</wfw:commentRss>
			<slash:comments>0</slash:comments>
		
		
			</item>
	</channel>
</rss>
