<?xml version="1.0" encoding="UTF-8"?><rss version="2.0"
	xmlns:content="http://purl.org/rss/1.0/modules/content/"
	xmlns:wfw="http://wellformedweb.org/CommentAPI/"
	xmlns:dc="http://purl.org/dc/elements/1.1/"
	xmlns:atom="http://www.w3.org/2005/Atom"
	xmlns:sy="http://purl.org/rss/1.0/modules/syndication/"
	xmlns:slash="http://purl.org/rss/1.0/modules/slash/"
	>

<channel>
	<title>Uncategorized &#8211; ARzRehman</title>
	<atom:link href="https://blog.bluekite.us/category/uncategorized/feed/" rel="self" type="application/rss+xml" />
	<link>https://blog.bluekite.us/</link>
	<description></description>
	<lastBuildDate>Sun, 03 Apr 2022 20:12:10 +0000</lastBuildDate>
	<language>en-US</language>
	<sy:updatePeriod>
	hourly	</sy:updatePeriod>
	<sy:updateFrequency>
	1	</sy:updateFrequency>
	<generator>https://wordpress.org/?v=6.0.1</generator>

<image>
	<url>https://blog.bluekite.us/wp-content/uploads/2022/04/cropped-Blue-and-Orange-Pharmacy-Logo-1-32x32.png</url>
	<title>Uncategorized &#8211; ARzRehman</title>
	<link>https://blog.bluekite.us/</link>
	<width>32</width>
	<height>32</height>
</image> 
	<item>
		<title>Welcome to the Gutenberg Editor</title>
		<link>https://blog.bluekite.us/uncategorized/welcome-to-the-gutenberg-editor/</link>
					<comments>https://blog.bluekite.us/uncategorized/welcome-to-the-gutenberg-editor/#respond</comments>
		
		<dc:creator><![CDATA[Rehman]]></dc:creator>
		<pubDate>Sun, 03 Apr 2022 20:12:09 +0000</pubDate>
				<category><![CDATA[Uncategorized]]></category>
		<guid isPermaLink="false">https://blog.bluekite.us/?p=16</guid>

					<description><![CDATA[The goal of this new editor is to make adding rich content to WordPress simple and enjoyable. This whole post is composed of pieces of content—somewhat similar to LEGO bricks—that [&#8230;]]]></description>
		
					<wfw:commentRss>https://blog.bluekite.us/uncategorized/welcome-to-the-gutenberg-editor/feed/</wfw:commentRss>
			<slash:comments>0</slash:comments>
		
		
			</item>
	</channel>
</rss>
