<?xml version="1.0" encoding="UTF-8"?><rss version="2.0"
	xmlns:content="http://purl.org/rss/1.0/modules/content/"
	xmlns:wfw="http://wellformedweb.org/CommentAPI/"
	xmlns:dc="http://purl.org/dc/elements/1.1/"
	xmlns:atom="http://www.w3.org/2005/Atom"
	xmlns:sy="http://purl.org/rss/1.0/modules/syndication/"
	xmlns:slash="http://purl.org/rss/1.0/modules/slash/"
	>

<channel>
	<title>Internet Marketing &#8211; ARzRehman</title>
	<atom:link href="https://blog.bluekite.us/category/internet-marketing/feed/" rel="self" type="application/rss+xml" />
	<link>https://blog.bluekite.us/</link>
	<description></description>
	<lastBuildDate>Thu, 19 Aug 2021 08:47:59 +0000</lastBuildDate>
	<language>en-US</language>
	<sy:updatePeriod>
	hourly	</sy:updatePeriod>
	<sy:updateFrequency>
	1	</sy:updateFrequency>
	<generator>https://wordpress.org/?v=6.0.1</generator>

<image>
	<url>https://blog.bluekite.us/wp-content/uploads/2022/04/cropped-Blue-and-Orange-Pharmacy-Logo-1-32x32.png</url>
	<title>Internet Marketing &#8211; ARzRehman</title>
	<link>https://blog.bluekite.us/</link>
	<width>32</width>
	<height>32</height>
</image> 
	<item>
		<title>The Fastest Ways To Bring Traffic To A New Website</title>
		<link>https://blog.bluekite.us/internet-marketing/the-fastest-ways-to-bring-traffic-to-a-new-website/</link>
					<comments>https://blog.bluekite.us/internet-marketing/the-fastest-ways-to-bring-traffic-to-a-new-website/#respond</comments>
		
		<dc:creator><![CDATA[Rehman]]></dc:creator>
		<pubDate>Thu, 19 Aug 2021 08:47:59 +0000</pubDate>
				<category><![CDATA[Internet Marketing]]></category>
		<category><![CDATA[SEO]]></category>
		<guid isPermaLink="false">https://blog.bluekite.us/uncategorized/the-fastest-ways-to-bring-traffic-to-a-new-website/</guid>

					<description><![CDATA[So, building &#38; launching a new website is a great accomplishment,but in the words of the late Kobe Bryant… “The job’s not finished.”]]></description>
		
					<wfw:commentRss>https://blog.bluekite.us/internet-marketing/the-fastest-ways-to-bring-traffic-to-a-new-website/feed/</wfw:commentRss>
			<slash:comments>0</slash:comments>
		
		
			</item>
	</channel>
</rss>
