<?xml version="1.0" encoding="UTF-8"?><rss version="2.0"
	xmlns:content="http://purl.org/rss/1.0/modules/content/"
	xmlns:dc="http://purl.org/dc/elements/1.1/"
	xmlns:atom="http://www.w3.org/2005/Atom"
	xmlns:sy="http://purl.org/rss/1.0/modules/syndication/"
	
	>
<channel>
	<title>
	Comments on: How To Market An Online Business: Our Marketing Formula Revealed	</title>
	<atom:link href="https://blog.bluekite.us/digital-marketing/how-to-market-an-online-business-our-marketing-formula-revealed/feed/" rel="self" type="application/rss+xml" />
	<link>https://blog.bluekite.us/digital-marketing/how-to-market-an-online-business-our-marketing-formula-revealed/</link>
	<description></description>
	<lastBuildDate>Thu, 19 Aug 2021 08:52:44 +0000</lastBuildDate>
	<sy:updatePeriod>
	hourly	</sy:updatePeriod>
	<sy:updateFrequency>
	1	</sy:updateFrequency>
	<generator>https://wordpress.org/?v=6.0.1</generator>
</channel>
</rss>
