<?xml version="1.0" encoding="UTF-8"?><rss version="2.0"
	xmlns:content="http://purl.org/rss/1.0/modules/content/"
	xmlns:wfw="http://wellformedweb.org/CommentAPI/"
	xmlns:dc="http://purl.org/dc/elements/1.1/"
	xmlns:atom="http://www.w3.org/2005/Atom"
	xmlns:sy="http://purl.org/rss/1.0/modules/syndication/"
	xmlns:slash="http://purl.org/rss/1.0/modules/slash/"
	>

<channel>
	<title>Enterprise &#8211; ARzRehman</title>
	<atom:link href="https://blog.bluekite.us/category/enterprise/feed/" rel="self" type="application/rss+xml" />
	<link>https://blog.bluekite.us/</link>
	<description></description>
	<lastBuildDate>Mon, 26 Jul 2021 22:45:35 +0000</lastBuildDate>
	<language>en-US</language>
	<sy:updatePeriod>
	hourly	</sy:updatePeriod>
	<sy:updateFrequency>
	1	</sy:updateFrequency>
	<generator>https://wordpress.org/?v=6.0.1</generator>

<image>
	<url>https://blog.bluekite.us/wp-content/uploads/2022/04/cropped-Blue-and-Orange-Pharmacy-Logo-1-32x32.png</url>
	<title>Enterprise &#8211; ARzRehman</title>
	<link>https://blog.bluekite.us/</link>
	<width>32</width>
	<height>32</height>
</image> 
	<item>
		<title>How Biden&#8217;s victory will affect the trade globally</title>
		<link>https://blog.bluekite.us/enterprise/how-bidens-victory-will-affect-the-trade-globally/</link>
					<comments>https://blog.bluekite.us/enterprise/how-bidens-victory-will-affect-the-trade-globally/#respond</comments>
		
		<dc:creator><![CDATA[Rehman]]></dc:creator>
		<pubDate>Mon, 26 Jul 2021 22:45:35 +0000</pubDate>
				<category><![CDATA[Enterprise]]></category>
		<guid isPermaLink="false">https://blog.bluekite.us/uncategorized/how-bidens-victory-will-affect-the-trade-globally/</guid>

					<description><![CDATA[Rishi employee help you to take action for best strategy since it’s important for a company.If you find better idea it’s important for a company to take actions immediate otherwise [&#8230;]]]></description>
		
					<wfw:commentRss>https://blog.bluekite.us/enterprise/how-bidens-victory-will-affect-the-trade-globally/feed/</wfw:commentRss>
			<slash:comments>0</slash:comments>
		
		
			</item>
		<item>
		<title>Take Action for the Best Strategy Benefits</title>
		<link>https://blog.bluekite.us/enterprise/take-action-for-the-best-strategy-benefits/</link>
					<comments>https://blog.bluekite.us/enterprise/take-action-for-the-best-strategy-benefits/#respond</comments>
		
		<dc:creator><![CDATA[Rehman]]></dc:creator>
		<pubDate>Mon, 26 Jul 2021 21:35:08 +0000</pubDate>
				<category><![CDATA[Enterprise]]></category>
		<guid isPermaLink="false">https://blog.bluekite.us/uncategorized/take-action-for-the-best-strategy-benefits/</guid>

					<description><![CDATA[Our financial assistance boosts you to grow relations and loyalty between employee and market wherever you need anytime. So without wasting any more time, let’s get on to it. First [&#8230;]]]></description>
		
					<wfw:commentRss>https://blog.bluekite.us/enterprise/take-action-for-the-best-strategy-benefits/feed/</wfw:commentRss>
			<slash:comments>0</slash:comments>
		
		
			</item>
	</channel>
</rss>
