<?xml version="1.0" encoding="UTF-8"?><rss version="2.0"
	xmlns:content="http://purl.org/rss/1.0/modules/content/"
	xmlns:wfw="http://wellformedweb.org/CommentAPI/"
	xmlns:dc="http://purl.org/dc/elements/1.1/"
	xmlns:atom="http://www.w3.org/2005/Atom"
	xmlns:sy="http://purl.org/rss/1.0/modules/syndication/"
	xmlns:slash="http://purl.org/rss/1.0/modules/slash/"
	>

<channel>
	<title>ARzRehman</title>
	<atom:link href="https://blog.bluekite.us/feed/" rel="self" type="application/rss+xml" />
	<link>https://blog.bluekite.us/</link>
	<description></description>
	<lastBuildDate>Sun, 03 Apr 2022 20:12:10 +0000</lastBuildDate>
	<language>en-US</language>
	<sy:updatePeriod>
	hourly	</sy:updatePeriod>
	<sy:updateFrequency>
	1	</sy:updateFrequency>
	<generator>https://wordpress.org/?v=6.0.1</generator>

<image>
	<url>https://blog.bluekite.us/wp-content/uploads/2022/04/cropped-Blue-and-Orange-Pharmacy-Logo-1-32x32.png</url>
	<title>ARzRehman</title>
	<link>https://blog.bluekite.us/</link>
	<width>32</width>
	<height>32</height>
</image> 
	<item>
		<title>Welcome to the Gutenberg Editor</title>
		<link>https://blog.bluekite.us/uncategorized/welcome-to-the-gutenberg-editor/</link>
					<comments>https://blog.bluekite.us/uncategorized/welcome-to-the-gutenberg-editor/#respond</comments>
		
		<dc:creator><![CDATA[Rehman]]></dc:creator>
		<pubDate>Sun, 03 Apr 2022 20:12:09 +0000</pubDate>
				<category><![CDATA[Uncategorized]]></category>
		<guid isPermaLink="false">https://blog.bluekite.us/?p=16</guid>

					<description><![CDATA[The goal of this new editor is to make adding rich content to WordPress simple and enjoyable. This whole post is composed of pieces of content—somewhat similar to LEGO bricks—that [&#8230;]]]></description>
		
					<wfw:commentRss>https://blog.bluekite.us/uncategorized/welcome-to-the-gutenberg-editor/feed/</wfw:commentRss>
			<slash:comments>0</slash:comments>
		
		
			</item>
		<item>
		<title>How To Market An Online Business: Our Marketing Formula Revealed</title>
		<link>https://blog.bluekite.us/digital-marketing/how-to-market-an-online-business-our-marketing-formula-revealed/</link>
					<comments>https://blog.bluekite.us/digital-marketing/how-to-market-an-online-business-our-marketing-formula-revealed/#respond</comments>
		
		<dc:creator><![CDATA[Rehman]]></dc:creator>
		<pubDate>Thu, 19 Aug 2021 08:52:44 +0000</pubDate>
				<category><![CDATA[Digital Marketing]]></category>
		<category><![CDATA[E-Commerce]]></category>
		<guid isPermaLink="false">https://blog.bluekite.us/uncategorized/how-to-market-an-online-business-our-marketing-formula-revealed/</guid>

					<description><![CDATA[When it comes to marketing an online business, a lot of people think it is very complicated. But on a high level, it’s not. You just have to understand how [&#8230;]]]></description>
		
					<wfw:commentRss>https://blog.bluekite.us/digital-marketing/how-to-market-an-online-business-our-marketing-formula-revealed/feed/</wfw:commentRss>
			<slash:comments>0</slash:comments>
		
		
			</item>
		<item>
		<title>Marketing Strategy: Practical Tips From The Top 1%</title>
		<link>https://blog.bluekite.us/digital-marketing/marketing-strategy-practical-tips-from-the-top-1/</link>
					<comments>https://blog.bluekite.us/digital-marketing/marketing-strategy-practical-tips-from-the-top-1/#respond</comments>
		
		<dc:creator><![CDATA[Rehman]]></dc:creator>
		<pubDate>Thu, 19 Aug 2021 08:51:02 +0000</pubDate>
				<category><![CDATA[Digital Marketing]]></category>
		<category><![CDATA[E-Commerce]]></category>
		<guid isPermaLink="false">https://blog.bluekite.us/uncategorized/marketing-strategy-practical-tips-from-the-top-1/</guid>

					<description><![CDATA[Incredible storytelling from Patrick, right? Now let’s step outside of the story for a second and really think about our own behaviors. When you’re posting on social media, or writing [&#8230;]]]></description>
		
					<wfw:commentRss>https://blog.bluekite.us/digital-marketing/marketing-strategy-practical-tips-from-the-top-1/feed/</wfw:commentRss>
			<slash:comments>0</slash:comments>
		
		
			</item>
		<item>
		<title>6 Steps To Market Any Business : GuideTo Beat Your Competitors</title>
		<link>https://blog.bluekite.us/digital-marketing/6-steps-to-market-any-business-online-best-guideto-beat-your-competitors/</link>
					<comments>https://blog.bluekite.us/digital-marketing/6-steps-to-market-any-business-online-best-guideto-beat-your-competitors/#respond</comments>
		
		<dc:creator><![CDATA[Rehman]]></dc:creator>
		<pubDate>Thu, 19 Aug 2021 08:49:34 +0000</pubDate>
				<category><![CDATA[Digital Marketing]]></category>
		<category><![CDATA[E-Commerce]]></category>
		<guid isPermaLink="false">https://blog.bluekite.us/uncategorized/6-steps-to-market-any-business-online-best-guideto-beat-your-competitors/</guid>

					<description><![CDATA[You can have no idea how you’re better if you don’t get to know the competition. This means learning all you can about other event planners in your area or [&#8230;]]]></description>
		
					<wfw:commentRss>https://blog.bluekite.us/digital-marketing/6-steps-to-market-any-business-online-best-guideto-beat-your-competitors/feed/</wfw:commentRss>
			<slash:comments>0</slash:comments>
		
		
			</item>
		<item>
		<title>The Fastest Ways To Bring Traffic To A New Website</title>
		<link>https://blog.bluekite.us/internet-marketing/the-fastest-ways-to-bring-traffic-to-a-new-website/</link>
					<comments>https://blog.bluekite.us/internet-marketing/the-fastest-ways-to-bring-traffic-to-a-new-website/#respond</comments>
		
		<dc:creator><![CDATA[Rehman]]></dc:creator>
		<pubDate>Thu, 19 Aug 2021 08:47:59 +0000</pubDate>
				<category><![CDATA[Internet Marketing]]></category>
		<category><![CDATA[SEO]]></category>
		<guid isPermaLink="false">https://blog.bluekite.us/uncategorized/the-fastest-ways-to-bring-traffic-to-a-new-website/</guid>

					<description><![CDATA[So, building &#38; launching a new website is a great accomplishment,but in the words of the late Kobe Bryant… “The job’s not finished.”]]></description>
		
					<wfw:commentRss>https://blog.bluekite.us/internet-marketing/the-fastest-ways-to-bring-traffic-to-a-new-website/feed/</wfw:commentRss>
			<slash:comments>0</slash:comments>
		
		
			</item>
		<item>
		<title>Transforming into the digital enterprise</title>
		<link>https://blog.bluekite.us/retail/transforming-into-the-digital-enterprize/</link>
					<comments>https://blog.bluekite.us/retail/transforming-into-the-digital-enterprize/#respond</comments>
		
		<dc:creator><![CDATA[Rehman]]></dc:creator>
		<pubDate>Thu, 29 Jul 2021 11:58:00 +0000</pubDate>
				<category><![CDATA[Retail]]></category>
		<category><![CDATA[Covid-19]]></category>
		<category><![CDATA[The elements of Value]]></category>
		<guid isPermaLink="false">https://blog.bluekite.us/uncategorized/transforming-into-the-digital-enterprize/</guid>

					<description><![CDATA[Eventually, you must also offer them attractive and competitive tour packages. You must be able to clearly communicate to your customers what your services are, how they are different from [&#8230;]]]></description>
		
					<wfw:commentRss>https://blog.bluekite.us/retail/transforming-into-the-digital-enterprize/feed/</wfw:commentRss>
			<slash:comments>0</slash:comments>
		
		
			</item>
	</channel>
</rss>
